Country Code,Year,corruption_index
NZL,2000,94
DNK,2000,98
FIN,2000,100
NOR,2000,91
CHE,2000,86
SGP,2000,91
SWE,2000,94
CAN,2000,92
LUX,2000,86
NLD,2000,89
GBR,2000,87
DEU,2000,76
AUS,2000,83
HKG,2000,77
ISL,2000,91
AUT,2000,77
BEL,2000,61
USA,2000,78
IRL,2000,72
JPN,2000,64
EST,2000,57
ARE,2000,52.3182106790229
FRA,2000,67
URY,2000,53.6210482578904
BRB,2000,52.0274029933492
BTN,2000,49.5721971399263
CHL,2000,74
BHS,2000,44.3968257307639
PRT,2000,64
QAT,2000,52.4340220786537
TWN,2000,55
BRN,2000,42.1700439792704
ISR,2000,66
BWA,2000,60
SVN,2000,55
POL,2000,41
SYC,2000,43.2182606322776
CRI,2000,54
LTU,2000,41
LVA,2000,34
VCT,2000,44.6944056348328
CYP,2000,50.2270899173359
CZE,2000,43
DMA,2000,45.4736184672351
ESP,2000,70
GEO,2000,41.4183373761821
MLT,2000,48.9320748405229
CPV,2000,46.6822450965707
RWA,2000,43.3121587286852
LCA,2000,46.4574758202806
KOR,2000,40
GRD,2000,38.6754140839468
NAM,2000,54
ITA,2000,46
MUS,2000,47
SVK,2000,35
HRV,2000,37
SAU,2000,43.0596387433676
GRE,2000,49
JOR,2000,46
ROU,2000,29
CUB,2000,42.4534997845552
MYS,2000,48
MNE,2000,41.9694349911777
STP,2000,41.2507888414474
HUN,2000,52
SEN,2000,35
BLR,2000,41
JAM,2000,40.2698429887045
OMN,2000,46.7520513719155
BGR,2000,35
ZAF,2000,50
VUT,2000,35.0520961748044
BFA,2000,30
LSO,2000,41.7443986275848
TUN,2000,52
CHN,2000,31
SRB,2000,39.746626063839
SUR,2000,40.6427728919056
TTO,2000,41.0629301498006
GHA,2000,35
IND,2000,28
MAR,2000,47
TUR,2000,38
ARG,2000,35
BEN,2000,38.6344717240849
XKX,2000,40.629393841914
KWT,2000,42.5398230335614
SLB,2000,34.8610103498552
SWZ,2000,39.0738936899034
ALB,2000,37.399236523087
BIH,2000,40.0836561398024
GUY,2000,37.9736910130891
LKA,2000,39.9994452762342
TLS,2000,37.1997961047723
BRA,2000,39
COL,2000,32
IDN,2000,17
PAN,2000,39.3496895030111
PER,2000,44
THA,2000,32
ZMB,2000,34
BHR,2000,45.7906177350566
CIV,2000,27
MNG,2000,39.1120253767217
TZA,2000,25
ARM,2000,25
ETH,2000,32
MKD,2000,40.6928999415534
VNM,2000,25
PHL,2000,28
DZA,2000,37.7080377600358
BOL,2000,27
SLV,2000,41
MDV,2000,37.275197049017
NER,2000,37.2949311046174
ECU,2000,26
EGY,2000,31
GAB,2000,38.9216789399508
PAK,2000,36.2988185352552
TGO,2000,38.2196506381344
AZE,2000,15
DJI,2000,39.5235783898731
KAZ,2000,30
LBR,2000,39.536842179546
MWI,2000,41
MLI,2000,37.9668788014305
NPL,2000,36.3242045281413
MDA,2000,26
GMB,2000,36.6420230276409
IRN,2000,36.1350847701051
MMR,2000,33.6358059476224
SLE,2000,35.9616648563793
UKR,2000,15
DOM,2000,36.8769209041251
HND,2000,36.0491625183319
KGZ,2000,35.4963422628493
LAO,2000,36.7485450251985
MEX,2000,33
PNG,2000,34.2043303724733
PRY,2000,35.3780058136047
RUS,2000,21
BGD,2000,32.1757130686796
GTM,2000,35.741910293665
KEN,2000,21
LBN,2000,37.5787477103307
MRT,2000,37.8259681483039
COM,2000,37.3044757895301
GIN,2000,34.7360975908641
NGA,2000,12
NIC,2000,34.6727099423364
UGA,2000,23
CMR,2000,20
MOZ,2000,22
MDG,2000,37.174775263243
CAF,2000,36.3439098890436
BDI,2000,34.4123232504854
HTI,2000,31.4813382374954
UZB,2000,24
ZWE,2000,30
KHM,2000,33.9963070510747
COG,2000,34.5110522757726
COD,2000,32.9204446919775
TJK,2000,33.8379660600794
TCD,2000,33.2835748830487
ERI,2000,35.054639552642
AGO,2000,17
TKM,2000,32.1360953847381
IRQ,2000,32.6949705396394
VEN,2000,27
PKR,2000,36.8983644307181
GNQ,2000,32.411084598181
GNB,2000,35.6991561300601
LBY,2000,32.7160536803512
SDN,2000,32.4715361814502
YEM,2000,33.9536936714728
AFG,2000,33.853728562441
SYR,2000,34.5171395531927
SSD,2000,38.4427130528523
SOM,2000,32.2695218453852
NZL,2001,94
DNK,2001,95
FIN,2001,99
NOR,2001,86
CHE,2001,84
SGP,2001,92
SWE,2001,90
CAN,2001,89
LUX,2001,87
NLD,2001,88
GBR,2001,83
DEU,2001,74
AUS,2001,85
HKG,2001,79
ISL,2001,92
AUT,2001,78
BEL,2001,66
USA,2001,76
IRL,2001,75
JPN,2001,71
EST,2001,56
ARE,2001,52.2161676355964
FRA,2001,67
URY,2001,51
BRB,2001,51.9253599499227
BTN,2001,49.4701540964998
CHL,2001,75
BHS,2001,44.2947826873374
PRT,2001,63
QAT,2001,52.3319790352272
TWN,2001,59
BRN,2001,42.0680009358439
ISR,2001,76
BWA,2001,60
SVN,2001,52
POL,2001,41
SYC,2001,43.1162175888511
CRI,2001,45
LTU,2001,48
LVA,2001,34
VCT,2001,44.5923625914062
CYP,2001,50.1250468739094
CZE,2001,39
DMA,2001,45.3715754238086
ESP,2001,70
GEO,2001,41.3162943327556
MLT,2001,48.8300317970964
CPV,2001,46.5802020531442
RWA,2001,43.2101156852587
LCA,2001,46.3554327768541
KOR,2001,42
GRD,2001,38.5733710405203
NAM,2001,54
ITA,2001,55
MUS,2001,45
SVK,2001,37
HRV,2001,39
SAU,2001,42.957595699941
GRE,2001,42
JOR,2001,49
ROU,2001,28
CUB,2001,42.3514567411287
MYS,2001,50
MNE,2001,41.8673919477512
STP,2001,41.1487457980209
HUN,2001,53
SEN,2001,29
BLR,2001,37.3558724185766
JAM,2001,40.1677999452779
OMN,2001,46.650008328489
BGR,2001,39
ZAF,2001,48
VUT,2001,34.9500531313779
BFA,2001,39.6930463491412
LSO,2001,41.6423555841582
TUN,2001,53
CHN,2001,35
SRB,2001,39.6445830204125
SUR,2001,40.5407298484791
TTO,2001,53
GHA,2001,34
IND,2001,27
MAR,2001,39.5629496894607
TUR,2001,36
ARG,2001,35
BEN,2001,38.5324286806583
XKX,2001,40.5273507984875
KWT,2001,42.4377799901349
SLB,2001,34.7589673064287
SWZ,2001,38.9718506464768
ALB,2001,37.2971934796604
BIH,2001,39.9816130963759
GUY,2001,37.8716479696625
LKA,2001,39.8974022328077
TLS,2001,37.0977530613457
BRA,2001,40
COL,2001,38
IDN,2001,19
PAN,2001,37
PER,2001,41
THA,2001,32
ZMB,2001,26
BHR,2001,45.6885746916301
CIV,2001,24
MNG,2001,39.0099823332952
TZA,2001,22
ARM,2001,37.5119271397654
ETH,2001,36.6729066576895
MKD,2001,40.5908568981268
VNM,2001,26
PHL,2001,29
DZA,2001,37.6059947166093
BOL,2001,20
SLV,2001,36
MDV,2001,37.1731540055904
NER,2001,37.1928880611909
ECU,2001,23
EGY,2001,36
GAB,2001,38.8196358965243
PAK,2001,23
TGO,2001,38.1176075947078
AZE,2001,20
DJI,2001,39.4215353464466
KAZ,2001,27
LBR,2001,39.4347991361194
MWI,2001,32
MLI,2001,37.864835758004
NPL,2001,36.2221614847147
MDA,2001,31
GMB,2001,36.5399799842144
IRN,2001,36.0330417266786
MMR,2001,33.5337629041959
SLE,2001,35.8596218129527
UKR,2001,21
DOM,2001,31
HND,2001,27
KGZ,2001,35.3942992194227
LAO,2001,36.646501981772
MEX,2001,37
PNG,2001,34.1022873290468
PRY,2001,35.2759627701782
RUS,2001,23
BGD,2001,4
GTM,2001,29
KEN,2001,20
LBN,2001,37.4767046669042
MRT,2001,37.7239251048774
COM,2001,37.2024327461036
GIN,2001,34.6340545474376
NGA,2001,10
NIC,2001,24
UGA,2001,19
CMR,2001,20
MOZ,2001,36.5276008127592
MDG,2001,37.0727322198164
CAF,2001,36.2418668456171
BDI,2001,34.3102802070589
HTI,2001,31.3792951940689
UZB,2001,27
ZWE,2001,29
KHM,2001,33.8942640076482
COG,2001,34.4090092323461
COD,2001,32.818401648551
TJK,2001,33.7359230166529
TCD,2001,33.1815318396222
ERI,2001,34.9525965092154
AGO,2001,31.5636192443711
TKM,2001,32.0340523413116
IRQ,2001,32.5929274962129
VEN,2001,28
PKR,2001,36.7963213872916
GNQ,2001,32.3090415547544
GNB,2001,35.5971130866336
LBY,2001,32.6140106369246
SDN,2001,32.3694931380237
YEM,2001,33.8516506280462
AFG,2001,33.7516855190145
SYR,2001,34.4150965097662
SSD,2001,38.3406700094258
SOM,2001,32.1674788019587
NZL,2002,95
DNK,2002,95
FIN,2002,97
NOR,2002,85
CHE,2002,85
SGP,2002,93
SWE,2002,93
CAN,2002,90
LUX,2002,90
NLD,2002,90
GBR,2002,87
DEU,2002,73
AUS,2002,86
HKG,2002,82
ISL,2002,94
AUT,2002,78
BEL,2002,71
USA,2002,77
IRL,2002,69
JPN,2002,71
EST,2002,56
ARE,2002,52.1141245921699
FRA,2002,63
URY,2002,51
BRB,2002,51.8233169064962
BTN,2002,49.3681110530733
CHL,2002,75
BHS,2002,44.1927396439109
PRT,2002,63
QAT,2002,52.2299359918007
TWN,2002,56
BRN,2002,41.9659578924174
ISR,2002,73
BWA,2002,64
SVN,2002,60
POL,2002,40
SYC,2002,43.0141745454246
CRI,2002,45
LTU,2002,48
LVA,2002,37
VCT,2002,44.4903195479797
CYP,2002,50.0230038304829
CZE,2002,37
DMA,2002,45.2695323803821
ESP,2002,71
GEO,2002,24
MLT,2002,48.7279887536698
CPV,2002,46.4781590097177
RWA,2002,43.1080726418322
LCA,2002,46.2533897334276
KOR,2002,45
GRD,2002,38.4713279970938
NAM,2002,57
ITA,2002,52
MUS,2002,45
SVK,2002,37
HRV,2002,38
SAU,2002,42.8555526565145
GRE,2002,42
JOR,2002,45
ROU,2002,26
CUB,2002,42.2494136977022
MYS,2002,49
MNE,2002,41.7653489043247
STP,2002,41.0467027545944
HUN,2002,49
SEN,2002,31
BLR,2002,48
JAM,2002,40
OMN,2002,46.5479652850625
BGR,2002,40
ZAF,2002,48
VUT,2002,34.8480100879514
BFA,2002,39.5910033057147
LSO,2002,41.5403125407317
TUN,2002,48
CHN,2002,35
SRB,2002,39.542539976986
SUR,2002,40.4386868050526
TTO,2002,49
GHA,2002,39
IND,2002,27
MAR,2002,37
TUR,2002,32
ARG,2002,28
BEN,2002,38.4303856372318
XKX,2002,40.4253077550609
KWT,2002,42.3357369467084
SLB,2002,34.6569242630022
SWZ,2002,38.8698076030503
ALB,2002,25
BIH,2002,39.8795700529494
GUY,2002,37.769604926236
LKA,2002,37
TLS,2002,36.9957100179192
BRA,2002,40
COL,2002,36
IDN,2002,19
PAN,2002,30
PER,2002,40
THA,2002,32
ZMB,2002,26
BHR,2002,45.5865316482035
CIV,2002,27
MNG,2002,38.9079392898687
TZA,2002,27
ARM,2002,37.4098840963389
ETH,2002,35
MKD,2002,40.4888138547003
VNM,2002,24
PHL,2002,26
DZA,2002,37.5039516731828
BOL,2002,22
SLV,2002,34
MDV,2002,37.0711109621639
NER,2002,37.0908450177644
ECU,2002,22
EGY,2002,34
GAB,2002,38.7175928530978
PAK,2002,26
TGO,2002,38.0155645512813
AZE,2002,20
DJI,2002,39.3194923030201
KAZ,2002,23
LBR,2002,39.3327560926929
MWI,2002,29
MLI,2002,37.7627927145775
NPL,2002,36.1201184412882
MDA,2002,21
GMB,2002,36.4379369407879
IRN,2002,35.9309986832521
MMR,2002,33.4317198607694
SLE,2002,35.7575787695262
UKR,2002,24
DOM,2002,35
HND,2002,27
KGZ,2002,35.2922561759962
LAO,2002,36.5444589383455
MEX,2002,36
PNG,2002,34.0002442856203
PRY,2002,17
RUS,2002,27
BGD,2002,12
GTM,2002,25
KEN,2002,19
LBN,2002,37.3746616234777
MRT,2002,37.6218820614509
COM,2002,37.1003897026771
GIN,2002,34.5320115040111
NGA,2002,16
NIC,2002,25
UGA,2002,21
CMR,2002,22
MOZ,2002,36.4255577693327
MDG,2002,17
CAF,2002,36.1398238021906
BDI,2002,34.2082371636324
HTI,2002,22
UZB,2002,29
ZWE,2002,27
KHM,2002,33.7922209642217
COG,2002,34.3069661889195
COD,2002,32.7163586051245
TJK,2002,33.6338799732264
TCD,2002,33.0794887961956
ERI,2002,34.8505534657889
AGO,2002,17
TKM,2002,31.9320092978851
IRQ,2002,32.4908844527864
VEN,2002,25
PKR,2002,36.6942783438651
GNQ,2002,32.2069985113279
GNB,2002,35.4950700432071
LBY,2002,32.5119675934981
SDN,2002,32.2674500945972
YEM,2002,33.7496075846197
AFG,2002,33.649642475588
SYR,2002,34.3130534663397
SSD,2002,38.2386269659993
SOM,2002,32.0654357585322
NZL,2003,95
DNK,2003,95
FIN,2003,97
NOR,2003,88
CHE,2003,88
SGP,2003,94
SWE,2003,93
CAN,2003,87
LUX,2003,87
NLD,2003,89
GBR,2003,87
DEU,2003,77
AUS,2003,88
HKG,2003,80
ISL,2003,96
AUT,2003,80
BEL,2003,76
USA,2003,75
IRL,2003,75
JPN,2003,70
EST,2003,55
ARE,2003,52
FRA,2003,69
URY,2003,55
BRB,2003,51.7212738630697
BTN,2003,49.2660680096467
CHL,2003,74
BHS,2003,44.0906966004844
PRT,2003,66
QAT,2003,56
TWN,2003,57
BRN,2003,41.8639148489909
ISR,2003,70
BWA,2003,57
SVN,2003,59
POL,2003,36
SYC,2003,42.9121315019981
CRI,2003,43
LTU,2003,47
LVA,2003,38
VCT,2003,44.3882765045532
CYP,2003,61
CZE,2003,39
DMA,2003,45.1674893369555
ESP,2003,69
GEO,2003,18
MLT,2003,48.6259457102433
CPV,2003,46.3761159662911
RWA,2003,43.0060295984056
LCA,2003,46.151346690001
KOR,2003,43
GRD,2003,38.3692849536673
NAM,2003,47
ITA,2003,53
MUS,2003,44
SVK,2003,37
HRV,2003,37
SAU,2003,45
GRE,2003,43
JOR,2003,46
ROU,2003,28
CUB,2003,46
MYS,2003,52
MNE,2003,41.6633058608981
STP,2003,40.9446597111678
HUN,2003,48
SEN,2003,32
BLR,2003,42
JAM,2003,38
OMN,2003,63
BGR,2003,39
ZAF,2003,44
VUT,2003,34.7459670445248
BFA,2003,39.4889602622882
LSO,2003,41.4382694973052
TUN,2003,49
CHN,2003,34
SRB,2003,23
SUR,2003,40.3366437616261
TTO,2003,46
GHA,2003,33
IND,2003,28
MAR,2003,33
TUR,2003,31
ARG,2003,25
BEN,2003,38.3283425938053
XKX,2003,40.3232647116344
KWT,2003,53
SLB,2003,34.5548812195756
SWZ,2003,38.7677645596238
ALB,2003,25
BIH,2003,33
GUY,2003,37.6675618828095
LKA,2003,34
TLS,2003,36.8936669744927
BRA,2003,39
COL,2003,37
IDN,2003,19
PAN,2003,34
PER,2003,37
THA,2003,33
ZMB,2003,25
BHR,2003,61
CIV,2003,21
MNG,2003,38.8058962464421
TZA,2003,25
ARM,2003,30
ETH,2003,25
MKD,2003,23
VNM,2003,24
PHL,2003,25
DZA,2003,26
BOL,2003,23
SLV,2003,37
MDV,2003,36.9690679187374
NER,2003,36.9888019743378
ECU,2003,22
EGY,2003,33
GAB,2003,38.6155498096713
PAK,2003,25
TGO,2003,37.9135215078548
AZE,2003,18
DJI,2003,39.2174492595935
KAZ,2003,24
LBR,2003,39.2307130492664
MWI,2003,28
MLI,2003,30
NPL,2003,36.0180753978617
MDA,2003,24
GMB,2003,25
IRN,2003,30
MMR,2003,16
SLE,2003,22
UKR,2003,23
DOM,2003,33
HND,2003,23
KGZ,2003,21
LAO,2003,36.4424158949189
MEX,2003,36
PNG,2003,21
PRY,2003,16
RUS,2003,27
BGD,2003,13
GTM,2003,24
KEN,2003,19
LBN,2003,30
MRT,2003,37.5198390180244
COM,2003,36.9983466592505
GIN,2003,34.4299684605846
NGA,2003,14
NIC,2003,26
UGA,2003,22
CMR,2003,18
MOZ,2003,27
MDG,2003,26
CAF,2003,36.037780758764
BDI,2003,34.1061941202059
HTI,2003,15
UZB,2003,24
ZWE,2003,23
KHM,2003,33.6901779207952
COG,2003,34.204923145493
COD,2003,22
TJK,2003,18
TCD,2003,32.9774457527691
ERI,2003,34.7485104223624
AGO,2003,18
TKM,2003,31.8299662544586
IRQ,2003,22
VEN,2003,24
PKR,2003,36.5922353004386
GNQ,2003,32.1049554679014
GNB,2003,35.3930269997805
LBY,2003,21
SDN,2003,23
YEM,2003,26
AFG,2003,33.5475994321615
SYR,2003,34
SSD,2003,38.1365839225727
SOM,2003,31.9633927151056
NZL,2004,96
DNK,2004,95
FIN,2004,97
NOR,2004,89
CHE,2004,91
SGP,2004,93
SWE,2004,92
CAN,2004,85
LUX,2004,84
NLD,2004,87
GBR,2004,86
DEU,2004,82
AUS,2004,88
HKG,2004,80
ISL,2004,95
AUT,2004,84
BEL,2004,75
USA,2004,75
IRL,2004,75
JPN,2004,69
EST,2004,60
ARE,2004,61
FRA,2004,71
URY,2004,62
BRB,2004,73
BTN,2004,49.1640249662202
CHL,2004,74
BHS,2004,43.9886535570579
PRT,2004,63
QAT,2004,52
TWN,2004,56
BRN,2004,41.7618718055644
ISR,2004,64
BWA,2004,60
SVN,2004,60
POL,2004,35
SYC,2004,44
CRI,2004,49
LTU,2004,46
LVA,2004,40
VCT,2004,44.2862334611267
CYP,2004,54
CZE,2004,42
DMA,2004,45.065446293529
ESP,2004,71
GEO,2004,20
MLT,2004,68
CPV,2004,46.2740729228646
RWA,2004,42.9039865549791
LCA,2004,46.0493036465745
KOR,2004,45
GRD,2004,38.2672419102408
NAM,2004,41
ITA,2004,48
MUS,2004,41
SVK,2004,40
HRV,2004,35
SAU,2004,34
GRE,2004,43
JOR,2004,53
ROU,2004,29
CUB,2004,37
MYS,2004,50
MNE,2004,41.5612628174716
STP,2004,40.8426166677413
HUN,2004,48
SEN,2004,30
BLR,2004,33
JAM,2004,33
OMN,2004,61
BGR,2004,41
ZAF,2004,46
VUT,2004,34.6439240010983
BFA,2004,39.3869172188617
LSO,2004,41.3362264538787
TUN,2004,50
CHN,2004,34
SRB,2004,27
SUR,2004,43
TTO,2004,42
GHA,2004,36
IND,2004,28
MAR,2004,32
TUR,2004,32
ARG,2004,25
BEN,2004,32
XKX,2004,40.2212216682079
KWT,2004,46
SLB,2004,34.4528381761491
SWZ,2004,38.6657215161973
ALB,2004,25
BIH,2004,31
GUY,2004,37.565518839383
LKA,2004,35
TLS,2004,36.7916239310662
BRA,2004,39
COL,2004,38
IDN,2004,20
PAN,2004,37
PER,2004,35
THA,2004,36
ZMB,2004,26
BHR,2004,58
CIV,2004,20
MNG,2004,30
TZA,2004,28
ARM,2004,31
ETH,2004,23
MKD,2004,27
VNM,2004,26
PHL,2004,26
DZA,2004,27
BOL,2004,22
SLV,2004,42
MDV,2004,36.8670248753109
NER,2004,22
ECU,2004,24
EGY,2004,32
GAB,2004,33
PAK,2004,21
TGO,2004,37.8114784644283
AZE,2004,19
DJI,2004,39.115406216167
KAZ,2004,22
LBR,2004,39.1286700058399
MWI,2004,28
MLI,2004,32
NPL,2004,28
MDA,2004,23
GMB,2004,28
IRN,2004,29
MMR,2004,17
SLE,2004,23
UKR,2004,22
DOM,2004,29
HND,2004,23
KGZ,2004,22
LAO,2004,36.3403728514924
MEX,2004,36
PNG,2004,26
PRY,2004,19
RUS,2004,28
BGD,2004,15
GTM,2004,22
KEN,2004,21
LBN,2004,27
MRT,2004,37.4177959745978
COM,2004,36.896303615824
GIN,2004,34.3279254171581
NGA,2004,16
NIC,2004,27
UGA,2004,26
CMR,2004,21
MOZ,2004,28
MDG,2004,31
CAF,2004,35.9357377153375
BDI,2004,34.0041510767794
HTI,2004,15
UZB,2004,23
ZWE,2004,23
KHM,2004,33.5881348773686
COG,2004,23
COD,2004,20
TJK,2004,20
TCD,2004,17
ERI,2004,26
AGO,2004,20
TKM,2004,20
IRQ,2004,21
VEN,2004,23
PKR,2004,36.4901922570121
GNQ,2004,32.0029124244749
GNB,2004,35.290983956354
LBY,2004,25
SDN,2004,22
YEM,2004,24
AFG,2004,33.445556388735
SYR,2004,34
SSD,2004,38.0345408791462
SOM,2004,31.8613496716791
NZL,2005,96
DNK,2005,95
FIN,2005,96
NOR,2005,89
CHE,2005,91
SGP,2005,94
SWE,2005,92
CAN,2005,84
LUX,2005,85
NLD,2005,86
GBR,2005,86
DEU,2005,82
AUS,2005,88
HKG,2005,83
ISL,2005,97
AUT,2005,87
BEL,2005,74
USA,2005,76
IRL,2005,74
JPN,2005,73
EST,2005,64
ARE,2005,62
FRA,2005,75
URY,2005,59
BRB,2005,69
BTN,2005,49.0619819227937
CHL,2005,73
BHS,2005,43.8866105136314
PRT,2005,65
QAT,2005,59
TWN,2005,59
BRN,2005,41.6598287621379
ISR,2005,63
BWA,2005,59
SVN,2005,61
POL,2005,34
SYC,2005,40
CRI,2005,42
LTU,2005,48
LVA,2005,42
VCT,2005,44.1841904177002
CYP,2005,57
CZE,2005,43
DMA,2005,44.9634032501025
ESP,2005,70
GEO,2005,23
MLT,2005,66
CPV,2005,46.1720298794381
RWA,2005,31
LCA,2005,45.947260603148
KOR,2005,50
GRD,2005,38.1651988668143
NAM,2005,43
ITA,2005,50
MUS,2005,42
SVK,2005,43
HRV,2005,34
SAU,2005,34
GRE,2005,43
JOR,2005,57
ROU,2005,30
CUB,2005,38
MYS,2005,51
MNE,2005,28
STP,2005,40.7405736243148
HUN,2005,50
SEN,2005,32
BLR,2005,26
JAM,2005,36
OMN,2005,63
BGR,2005,40
ZAF,2005,45
VUT,2005,34.5418809576718
BFA,2005,34
LSO,2005,34
TUN,2005,49
CHN,2005,32
SRB,2005,28
SUR,2005,32
TTO,2005,38
GHA,2005,35
IND,2005,29
MAR,2005,32
TUR,2005,35
ARG,2005,28
BEN,2005,29
XKX,2005,40.1191786247814
KWT,2005,47
SLB,2005,34.3507951327226
SWZ,2005,27
ALB,2005,24
BIH,2005,29
GUY,2005,25
LKA,2005,32
TLS,2005,36.6895808876397
BRA,2005,37
COL,2005,40
IDN,2005,22
PAN,2005,35
PER,2005,35
THA,2005,38
ZMB,2005,26
BHR,2005,58
CIV,2005,19
MNG,2005,30
TZA,2005,29
ARM,2005,29
ETH,2005,22
MKD,2005,27
VNM,2005,26
PHL,2005,25
DZA,2005,28
BOL,2005,25
SLV,2005,42
MDV,2005,36.7649818318844
NER,2005,24
ECU,2005,25
EGY,2005,34
GAB,2005,29
PAK,2005,21
TGO,2005,37.7094354210018
AZE,2005,22
DJI,2005,39.0133631727405
KAZ,2005,26
LBR,2005,22
MWI,2005,28
MLI,2005,29
NPL,2005,25
MDA,2005,29
GMB,2005,27
IRN,2005,29
MMR,2005,18
SLE,2005,24
UKR,2005,26
DOM,2005,30
HND,2005,26
KGZ,2005,23
LAO,2005,33
MEX,2005,35
PNG,2005,23
PRY,2005,21
RUS,2005,24
BGD,2005,17
GTM,2005,25
KEN,2005,21
LBN,2005,31
MRT,2005,37.3157529311713
COM,2005,36.7942605723975
GIN,2005,34.2258823737316
NGA,2005,19
NIC,2005,26
UGA,2005,25
CMR,2005,22
MOZ,2005,28
MDG,2005,28
CAF,2005,35.833694671911
BDI,2005,23
HTI,2005,18
UZB,2005,22
ZWE,2005,26
KHM,2005,23
COG,2005,23
COD,2005,21
TJK,2005,21
TCD,2005,17
ERI,2005,26
AGO,2005,20
TKM,2005,18
IRQ,2005,22
VEN,2005,23
PKR,2005,36.3881492135856
GNQ,2005,19
GNB,2005,35.1889409129275
LBY,2005,25
SDN,2005,21
YEM,2005,27
AFG,2005,25
SYR,2005,34
SSD,2005,37.9324978357197
SOM,2005,21
NZL,2006,96
DNK,2006,95
FIN,2006,96
NOR,2006,88
CHE,2006,91
SGP,2006,94
SWE,2006,92
CAN,2006,85
LUX,2006,86
NLD,2006,87
GBR,2006,86
DEU,2006,80
AUS,2006,87
HKG,2006,83
ISL,2006,96
AUT,2006,86
BEL,2006,73
USA,2006,73
IRL,2006,74
JPN,2006,76
EST,2006,67
ARE,2006,62
FRA,2006,74
URY,2006,64
BRB,2006,67
BTN,2006,60
CHL,2006,73
BHS,2006,43.7845674702048
PRT,2006,66
QAT,2006,60
TWN,2006,59
BRN,2006,41.5577857187113
ISR,2006,59
BWA,2006,56
SVN,2006,64
POL,2006,37
SYC,2006,36
CRI,2006,41
LTU,2006,48
LVA,2006,47
VCT,2006,44.0821473742737
CYP,2006,56
CZE,2006,48
DMA,2006,45
ESP,2006,68
GEO,2006,28
MLT,2006,64
CPV,2006,46.0699868360116
RWA,2006,25
LCA,2006,45.8452175597215
KOR,2006,51
GRD,2006,35
NAM,2006,41
ITA,2006,49
MUS,2006,51
SVK,2006,47
HRV,2006,34
SAU,2006,33
GRE,2006,44
JOR,2006,53
ROU,2006,31
CUB,2006,35
MYS,2006,50
MNE,2006,41.3571767306186
STP,2006,40.6385305808883
HUN,2006,52
SEN,2006,33
BLR,2006,21
JAM,2006,37
OMN,2006,54
BGR,2006,40
ZAF,2006,46
VUT,2006,34.4398379142453
BFA,2006,32
LSO,2006,32
TUN,2006,46
CHN,2006,33
SRB,2006,30
SUR,2006,30
TTO,2006,32
GHA,2006,33
IND,2006,33
MAR,2006,32
TUR,2006,38
ARG,2006,29
BEN,2006,25
XKX,2006,40.0171355813549
KWT,2006,48
SLB,2006,34.2487520892961
SWZ,2006,25
ALB,2006,26
BIH,2006,29
GUY,2006,25
LKA,2006,31
TLS,2006,26
BRA,2006,33
COL,2006,39
IDN,2006,24
PAN,2006,31
PER,2006,33
THA,2006,36
ZMB,2006,26
BHR,2006,57
CIV,2006,21
MNG,2006,28
TZA,2006,29
ARM,2006,29
ETH,2006,24
MKD,2006,27
VNM,2006,26
PHL,2006,25
DZA,2006,31
BOL,2006,27
SLV,2006,40
MDV,2006,36.6629387884578
NER,2006,23
ECU,2006,23
EGY,2006,33
GAB,2006,30
PAK,2006,22
TGO,2006,24
AZE,2006,24
DJI,2006,38.911320129314
KAZ,2006,26
LBR,2006,38.9245839189869
MWI,2006,27
MLI,2006,28
NPL,2006,25
MDA,2006,32
GMB,2006,25
IRN,2006,27
MMR,2006,19
SLE,2006,22
UKR,2006,28
DOM,2006,28
HND,2006,25
KGZ,2006,22
LAO,2006,26
MEX,2006,33
PNG,2006,24
PRY,2006,26
RUS,2006,25
BGD,2006,20
GTM,2006,26
KEN,2006,22
LBN,2006,36
MRT,2006,31
COM,2006,36.692217528971
GIN,2006,19
NGA,2006,22
NIC,2006,26
UGA,2006,27
CMR,2006,23
MOZ,2006,28
MDG,2006,31
CAF,2006,24
BDI,2006,24
HTI,2006,18
UZB,2006,21
ZWE,2006,24
KHM,2006,21
COG,2006,22
COD,2006,20
TJK,2006,22
TCD,2006,20
ERI,2006,29
AGO,2006,22
TKM,2006,22
IRQ,2006,19
VEN,2006,23
PKR,2006,36.286106170159
GNQ,2006,21
GNB,2006,35.086897869501
LBY,2006,27
SDN,2006,20
YEM,2006,26
AFG,2006,33.2414703018819
SYR,2006,29
SSD,2006,37.8304547922932
SOM,2006,31.6572635848261
NZL,2007,94
DNK,2007,94
FIN,2007,94
NOR,2007,87
CHE,2007,90
SGP,2007,93
SWE,2007,93
CAN,2007,87
LUX,2007,84
NLD,2007,90
GBR,2007,84
DEU,2007,78
AUS,2007,86
HKG,2007,83
ISL,2007,92
AUT,2007,81
BEL,2007,71
USA,2007,72
IRL,2007,75
JPN,2007,75
EST,2007,65
ARE,2007,57
FRA,2007,73
URY,2007,67
BRB,2007,69
BTN,2007,50
CHL,2007,70
BHS,2007,43.6825244267783
PRT,2007,65
QAT,2007,60
TWN,2007,57
BRN,2007,41.4557426752848
ISR,2007,61
BWA,2007,54
SVN,2007,66
POL,2007,42
SYC,2007,45
CRI,2007,50
LTU,2007,48
LVA,2007,48
VCT,2007,61
CYP,2007,53
CZE,2007,52
DMA,2007,56
ESP,2007,67
GEO,2007,34
MLT,2007,58
CPV,2007,49
RWA,2007,28
LCA,2007,68
KOR,2007,51
GRD,2007,34
NAM,2007,45
ITA,2007,52
MUS,2007,47
SVK,2007,49
HRV,2007,41
SAU,2007,34
GRE,2007,46
JOR,2007,47
ROU,2007,37
CUB,2007,42
MYS,2007,51
MNE,2007,33
STP,2007,27
HUN,2007,53
SEN,2007,36
BLR,2007,21
JAM,2007,33
OMN,2007,47
BGR,2007,41
ZAF,2007,51
VUT,2007,31
BFA,2007,29
LSO,2007,33
TUN,2007,42
CHN,2007,35
SRB,2007,34
SUR,2007,35
TTO,2007,34
GHA,2007,37
IND,2007,35
MAR,2007,35
TUR,2007,41
ARG,2007,29
BEN,2007,27
XKX,2007,39.9150925379284
KWT,2007,43
SLB,2007,28
SWZ,2007,33
ALB,2007,29
BIH,2007,33
GUY,2007,26
LKA,2007,32
TLS,2007,26
BRA,2007,35
COL,2007,38
IDN,2007,23
PAN,2007,32
PER,2007,35
THA,2007,33
ZMB,2007,26
BHR,2007,50
CIV,2007,21
MNG,2007,30
TZA,2007,32
ARM,2007,30
ETH,2007,24
MKD,2007,33
VNM,2007,26
PHL,2007,25
DZA,2007,30
BOL,2007,29
SLV,2007,40
MDV,2007,33
NER,2007,26
ECU,2007,21
EGY,2007,29
GAB,2007,33
PAK,2007,24
TGO,2007,23
AZE,2007,21
DJI,2007,29
KAZ,2007,21
LBR,2007,21
MWI,2007,27
MLI,2007,27
NPL,2007,25
MDA,2007,28
GMB,2007,23
IRN,2007,25
MMR,2007,14
SLE,2007,21
UKR,2007,27
DOM,2007,30
HND,2007,25
KGZ,2007,21
LAO,2007,19
MEX,2007,35
PNG,2007,20
PRY,2007,24
RUS,2007,23
BGD,2007,20
GTM,2007,28
KEN,2007,21
LBN,2007,30
MRT,2007,26
COM,2007,26
GIN,2007,19
NGA,2007,22
NIC,2007,26
UGA,2007,28
CMR,2007,24
MOZ,2007,28
MDG,2007,32
CAF,2007,20
BDI,2007,25
HTI,2007,16
UZB,2007,17
ZWE,2007,21
KHM,2007,20
COG,2007,21
COD,2007,19
TJK,2007,21
TCD,2007,18
ERI,2007,28
AGO,2007,22
TKM,2007,20
IRQ,2007,15
VEN,2007,20
PKR,2007,36.1840631267325
GNQ,2007,19
GNB,2007,22
LBY,2007,25
SDN,2007,18
YEM,2007,25
AFG,2007,18
SYR,2007,24
SSD,2007,37.7284117488667
SOM,2007,14
NZL,2008,93
DNK,2008,93
FIN,2008,90
NOR,2008,79
CHE,2008,90
SGP,2008,92
SWE,2008,93
CAN,2008,87
LUX,2008,83
NLD,2008,89
GBR,2008,77
DEU,2008,79
AUS,2008,87
HKG,2008,81
ISL,2008,89
AUT,2008,81
BEL,2008,73
USA,2008,73
IRL,2008,77
JPN,2008,73
EST,2008,66
ARE,2008,59
FRA,2008,69
URY,2008,69
BRB,2008,70
BTN,2008,52
CHL,2008,69
BHS,2008,43.5804813833518
PRT,2008,61
QAT,2008,65
TWN,2008,57
BRN,2008,41.3536996318583
ISR,2008,60
BWA,2008,58
SVN,2008,67
POL,2008,46
SYC,2008,48
CRI,2008,51
LTU,2008,46
LVA,2008,50
VCT,2008,65
CYP,2008,64
CZE,2008,52
DMA,2008,60
ESP,2008,65
GEO,2008,39
MLT,2008,58
CPV,2008,51
RWA,2008,30
LCA,2008,71
KOR,2008,56
GRD,2008,37.8590697365347
NAM,2008,45
ITA,2008,48
MUS,2008,55
SVK,2008,50
HRV,2008,44
SAU,2008,35
GRE,2008,47
JOR,2008,51
ROU,2008,38
CUB,2008,43
MYS,2008,51
MNE,2008,34
STP,2008,27
HUN,2008,51
SEN,2008,34
BLR,2008,20
JAM,2008,31
OMN,2008,55
BGR,2008,36
ZAF,2008,49
VUT,2008,29
BFA,2008,35
LSO,2008,32
TUN,2008,44
CHN,2008,36
SRB,2008,34
SUR,2008,36
TTO,2008,36
GHA,2008,39
IND,2008,34
MAR,2008,35
TUR,2008,46
ARG,2008,29
BEN,2008,31
XKX,2008,39.8130494945018
KWT,2008,43
SLB,2008,29
SWZ,2008,36
ALB,2008,34
BIH,2008,32
GUY,2008,26
LKA,2008,32
TLS,2008,22
BRA,2008,35
COL,2008,38
IDN,2008,26
PAN,2008,34
PER,2008,36
THA,2008,35
ZMB,2008,28
BHR,2008,54
CIV,2008,20
MNG,2008,30
TZA,2008,30
ARM,2008,29
ETH,2008,26
MKD,2008,36
VNM,2008,27
PHL,2008,23
DZA,2008,32
BOL,2008,30
SLV,2008,39
MDV,2008,28
NER,2008,28
ECU,2008,20
EGY,2008,28
GAB,2008,31
PAK,2008,25
TGO,2008,27
AZE,2008,19
DJI,2008,30
KAZ,2008,22
LBR,2008,24
MWI,2008,28
MLI,2008,31
NPL,2008,27
MDA,2008,29
GMB,2008,19
IRN,2008,23
MMR,2008,13
SLE,2008,19
UKR,2008,25
DOM,2008,30
HND,2008,26
KGZ,2008,18
LAO,2008,20
MEX,2008,36
PNG,2008,20
PRY,2008,24
RUS,2008,21
BGD,2008,21
GTM,2008,31
KEN,2008,21
LBN,2008,30
MRT,2008,28
COM,2008,25
GIN,2008,16
NGA,2008,27
NIC,2008,25
UGA,2008,26
CMR,2008,23
MOZ,2008,26
MDG,2008,34
CAF,2008,20
BDI,2008,19
HTI,2008,14
UZB,2008,18
ZWE,2008,18
KHM,2008,18
COG,2008,19
COD,2008,17
TJK,2008,20
TCD,2008,16
ERI,2008,26
AGO,2008,19
TKM,2008,18
IRQ,2008,13
VEN,2008,19
PKR,2008,36.082020083306
GNQ,2008,17
GNB,2008,19
LBY,2008,26
SDN,2008,16
YEM,2008,23
AFG,2008,15
SYR,2008,21
SSD,2008,37.6263687054401
SOM,2008,10
NZL,2009,94
DNK,2009,93
FIN,2009,89
NOR,2009,86
CHE,2009,90
SGP,2009,92
SWE,2009,92
CAN,2009,87
LUX,2009,82
NLD,2009,89
GBR,2009,77
DEU,2009,80
AUS,2009,87
HKG,2009,82
ISL,2009,87
AUT,2009,79
BEL,2009,71
USA,2009,75
IRL,2009,80
JPN,2009,77
EST,2009,66
ARE,2009,65
FRA,2009,69
URY,2009,67
BRB,2009,74
BTN,2009,50
CHL,2009,67
BHS,2009,43.4784383399253
PRT,2009,58
QAT,2009,70
TWN,2009,56
BRN,2009,55
ISR,2009,61
BWA,2009,56
SVN,2009,66
POL,2009,50
SYC,2009,48
CRI,2009,53
LTU,2009,49
LVA,2009,45
VCT,2009,64
CYP,2009,66
CZE,2009,49
DMA,2009,59
ESP,2009,61
GEO,2009,41
MLT,2009,52
CPV,2009,51
RWA,2009,33
LCA,2009,70
KOR,2009,55
GRD,2009,37.7570266931082
NAM,2009,45
ITA,2009,43
MUS,2009,54
SVK,2009,45
HRV,2009,41
SAU,2009,43
GRE,2009,38
JOR,2009,50
ROU,2009,38
CUB,2009,44
MYS,2009,45
MNE,2009,39
STP,2009,28
HUN,2009,51
SEN,2009,30
BLR,2009,24
JAM,2009,30
OMN,2009,55
BGR,2009,38
ZAF,2009,47
VUT,2009,32
BFA,2009,36
LSO,2009,33
TUN,2009,42
CHN,2009,36
SRB,2009,35
SUR,2009,37
TTO,2009,36
GHA,2009,39
IND,2009,34
MAR,2009,33
TUR,2009,44
ARG,2009,29
BEN,2009,29
XKX,2009,39.7110064510753
KWT,2009,41
SLB,2009,28
SWZ,2009,36
ALB,2009,32
BIH,2009,30
GUY,2009,26
LKA,2009,31
TLS,2009,22
BRA,2009,37
COL,2009,37
IDN,2009,28
PAN,2009,34
PER,2009,37
THA,2009,34
ZMB,2009,30
BHR,2009,51
CIV,2009,21
MNG,2009,27
TZA,2009,26
ARM,2009,27
ETH,2009,27
MKD,2009,38
VNM,2009,27
PHL,2009,24
DZA,2009,28
BOL,2009,27
SLV,2009,34
MDV,2009,25
NER,2009,29
ECU,2009,22
EGY,2009,28
GAB,2009,29
PAK,2009,24
TGO,2009,28
AZE,2009,23
DJI,2009,28
KAZ,2009,27
LBR,2009,31
MWI,2009,33
MLI,2009,28
NPL,2009,23
MDA,2009,33
GMB,2009,29
IRN,2009,18
MMR,2009,14
SLE,2009,22
UKR,2009,22
DOM,2009,30
HND,2009,25
KGZ,2009,19
LAO,2009,20
MEX,2009,33
PNG,2009,21
PRY,2009,21
RUS,2009,22
BGD,2009,24
GTM,2009,34
KEN,2009,22
LBN,2009,25
MRT,2009,25
COM,2009,23
GIN,2009,18
NGA,2009,25
NIC,2009,25
UGA,2009,25
CMR,2009,22
MOZ,2009,25
MDG,2009,30
CAF,2009,20
BDI,2009,18
HTI,2009,18
UZB,2009,17
ZWE,2009,22
KHM,2009,20
COG,2009,19
COD,2009,19
TJK,2009,20
TCD,2009,16
ERI,2009,26
AGO,2009,19
TKM,2009,18
IRQ,2009,15
VEN,2009,19
PKR,2009,35.9799770398795
GNQ,2009,18
GNB,2009,19
LBY,2009,25
SDN,2009,15
YEM,2009,21
AFG,2009,13
SYR,2009,26
SSD,2009,37.5243256620136
SOM,2009,11
NZL,2010,93
DNK,2010,93
FIN,2010,92
NOR,2010,86
CHE,2010,87
SGP,2010,93
SWE,2010,92
CAN,2010,89
LUX,2010,85
NLD,2010,88
GBR,2010,76
DEU,2010,79
AUS,2010,87
HKG,2010,84
ISL,2010,85
AUT,2010,79
BEL,2010,71
USA,2010,71
IRL,2010,80
JPN,2010,78
EST,2010,65
ARE,2010,63
FRA,2010,68
URY,2010,69
BRB,2010,78
BTN,2010,57
CHL,2010,72
BHS,2010,43.3763952964987
PRT,2010,60
QAT,2010,77
TWN,2010,58
BRN,2010,55
ISR,2010,61
BWA,2010,58
SVN,2010,64
POL,2010,53
SYC,2010,48
CRI,2010,53
LTU,2010,50
LVA,2010,43
VCT,2010,43.6739752005676
CYP,2010,63
CZE,2010,46
DMA,2010,52
ESP,2010,61
GEO,2010,38
MLT,2010,56
CPV,2010,51
RWA,2010,40
LCA,2010,45.4370453860154
KOR,2010,54
GRD,2010,37.6549836496816
NAM,2010,44
ITA,2010,39
MUS,2010,54
SVK,2010,43
HRV,2010,41
SAU,2010,47
GRE,2010,35
JOR,2010,47
ROU,2010,37
CUB,2010,37
MYS,2010,44
MNE,2010,37
STP,2010,30
HUN,2010,47
SEN,2010,29
BLR,2010,25
JAM,2010,33
OMN,2010,53
BGR,2010,36
ZAF,2010,45
VUT,2010,36
BFA,2010,31
LSO,2010,35
TUN,2010,43
CHN,2010,35
SRB,2010,35
SUR,2010,39.6223424576404
TTO,2010,36
GHA,2010,41
IND,2010,33
MAR,2010,34
TUR,2010,44
ARG,2010,29
BEN,2010,28
XKX,2010,28
KWT,2010,45
SLB,2010,28
SWZ,2010,32
ALB,2010,33
BIH,2010,32
GUY,2010,27
LKA,2010,32
TLS,2010,25
BRA,2010,37
COL,2010,35
IDN,2010,28
PAN,2010,36
PER,2010,35
THA,2010,35
ZMB,2010,30
BHR,2010,49
CIV,2010,22
MNG,2010,27
TZA,2010,27
ARM,2010,26
ETH,2010,27
MKD,2010,41
VNM,2010,27
PHL,2010,24
DZA,2010,29
BOL,2010,28
SLV,2010,36
MDV,2010,23
NER,2010,26
ECU,2010,25
EGY,2010,31
GAB,2010,28
PAK,2010,23
TGO,2010,24
AZE,2010,24
DJI,2010,32
KAZ,2010,29
LBR,2010,33
MWI,2010,34
MLI,2010,27
NPL,2010,22
MDA,2010,29
GMB,2010,32
IRN,2010,22
MMR,2010,14
SLE,2010,24
UKR,2010,24
DOM,2010,30
HND,2010,24
KGZ,2010,20
LAO,2010,21
MEX,2010,31
PNG,2010,21
PRY,2010,22
RUS,2010,21
BGD,2010,24
GTM,2010,32
KEN,2010,21
LBN,2010,25
MRT,2010,23
COM,2010,21
GIN,2010,20
NGA,2010,24
NIC,2010,25
UGA,2010,25
CMR,2010,22
MOZ,2010,27
MDG,2010,26
CAF,2010,21
BDI,2010,18
HTI,2010,22
UZB,2010,16
ZWE,2010,24
KHM,2010,21
COG,2010,21
COD,2010,20
TJK,2010,21
TCD,2010,17
ERI,2010,26
AGO,2010,19
TKM,2010,16
IRQ,2010,15
VEN,2010,20
PKR,2010,35.8779339964529
GNQ,2010,19
GNB,2010,21
LBY,2010,22
SDN,2010,16
YEM,2010,22
AFG,2010,14
SYR,2010,25
SSD,2010,37.4222826185871
SOM,2010,11
NZL,2011,94.62681
DNK,2011,93.9208
FIN,2011,94.03927
NOR,2011,89.89854
CHE,2011,88.01674
SGP,2011,91.66839
SWE,2011,92.98488
CAN,2011,86.72457
LUX,2011,85.0703
NLD,2011,88.94497
GBR,2011,77.75084
DEU,2011,80.46144
AUS,2011,88.44156
HKG,2011,83.89815
ISL,2011,82.74027
AUT,2011,77.86903
BEL,2011,74.87431
USA,2011,71.35683
IRL,2011,75.36039
JPN,2011,80.409
EST,2011,63.53611
ARE,2011,68.22888
FRA,2011,70.05064
URY,2011,70.4446
BRB,2011,77.73902
BTN,2011,57.42364
CHL,2011,72.13856
BHS,2011,72.89454
PRT,2011,60.97609
QAT,2011,71.55269
TWN,2011,61.36312
BRN,2011,52.07397
ISR,2011,58.0688
BWA,2011,60.77882
SVN,2011,58.70487
POL,2011,54.82418
SYC,2011,48.2171
CRI,2011,47.98095
LTU,2011,47.51965
LVA,2011,41.943
VCT,2011,57.61158
CYP,2011,62.65644
CZE,2011,43.68084
DMA,2011,51.7456
ESP,2011,62.296
GEO,2011,41.32969
MLT,2011,55.92464
CPV,2011,55.24542
RWA,2011,49.83419
LCA,2011,70.18194
KOR,2011,53.56394
GRD,2011,37.5529406062551
NAM,2011,44.2965
ITA,2011,39.06913
MUS,2011,50.67148
SVK,2011,39.71617
HRV,2011,40.34245
SAU,2011,43.86654
GRE,2011,33.88967
JOR,2011,44.85752
ROU,2011,36.12146
CUB,2011,41.63939
MYS,2011,43.07416
MNE,2011,39.69978
STP,2011,29.86329
HUN,2011,45.55448
SEN,2011,28.70529
BLR,2011,24.18323
JAM,2011,33.41237
OMN,2011,48.34576
BGR,2011,33.28966
ZAF,2011,40.80277
VUT,2011,35.29686
BFA,2011,30.46324
LSO,2011,35.16105
TUN,2011,37.59299
CHN,2011,36.35573
SRB,2011,33.12795
SUR,2011,30.286
TTO,2011,31.70273
GHA,2011,38.5076
IND,2011,30.99087
MAR,2011,34.43408
TUR,2011,42.06861
ARG,2011,29.96074
BEN,2011,29.6985
XKX,2011,28.51413
KWT,2011,46.16031
SLB,2011,27.06382
SWZ,2011,30.81774
ALB,2011,30.52946
BIH,2011,32.07211
GUY,2011,24.87627
LKA,2011,32.95176
TLS,2011,23.76135
BRA,2011,37.7411
COL,2011,34.46674
IDN,2011,30.2781
PAN,2011,32.66199
PER,2011,33.85607
THA,2011,33.81004
ZMB,2011,31.95245
BHR,2011,51.09879
CIV,2011,22.33704
MNG,2011,26.76712
TZA,2011,29.50526
ARM,2011,26.28996
ETH,2011,26.90912
MKD,2011,39.42666
VNM,2011,28.64383
PHL,2011,26.44299
DZA,2011,29.04377
BOL,2011,27.63231
SLV,2011,34.24892
MDV,2011,24.70782
NER,2011,25.40459
ECU,2011,26.50216
EGY,2011,28.62187
GAB,2011,29.83002
PAK,2011,24.67952
TGO,2011,23.82138
AZE,2011,23.75235
DJI,2011,29.8107
KAZ,2011,26.93975
LBR,2011,31.88795
MWI,2011,30.02285
MLI,2011,27.58701
NPL,2011,22.11227
MDA,2011,28.78946
GMB,2011,35.11906
IRN,2011,27.20371
MMR,2011,14.90296
SLE,2011,24.60909
UKR,2011,22.96875
DOM,2011,25.89769
HND,2011,25.91903
KGZ,2011,21.19878
LAO,2011,22.13967
MEX,2011,29.70855
PNG,2011,21.65489
PRY,2011,22.17671
RUS,2011,24.48757
BGD,2011,26.56912
GTM,2011,27.27781
KEN,2011,22.4349
LBN,2011,24.86844
MRT,2011,24.27348
COM,2011,24.10707
GIN,2011,21.10293
NGA,2011,24.49336
NIC,2011,25.29546
UGA,2011,24.33897
CMR,2011,24.52247
MOZ,2011,26.87722
MDG,2011,30.40804
CAF,2011,22.10424
BDI,2011,19.35236
HTI,2011,17.99883
UZB,2011,16.24563
ZWE,2011,22.29767
KHM,2011,21.10559
COG,2011,21.54337
COD,2011,20.21067
TJK,2011,22.71689
TCD,2011,20.40463
ERI,2011,24.75597
AGO,2011,20.05035
TKM,2011,16.03173
IRQ,2011,18.04128
VEN,2011,18.89497
PKR,2011,10.09626
GNQ,2011,19.12177
GNB,2011,22.01865
LBY,2011,20.1449
SDN,2011,15.63758
YEM,2011,20.80347
AFG,2011,15.17093
SYR,2011,25.57818
SSD,2011,37.3202395751606
SOM,2011,9.834057
NZL,2012,90
DNK,2012,90
FIN,2012,90
NOR,2012,85
CHE,2012,86
SGP,2012,87
SWE,2012,88
CAN,2012,84
LUX,2012,80
NLD,2012,84
GBR,2012,74
DEU,2012,79
AUS,2012,85
HKG,2012,77
ISL,2012,82
AUT,2012,69
BEL,2012,75
USA,2012,73
IRL,2012,69
JPN,2012,74
EST,2012,64
ARE,2012,68
FRA,2012,71
URY,2012,72
BRB,2012,76
BTN,2012,63
CHL,2012,72
BHS,2012,71
PRT,2012,63
QAT,2012,68
TWN,2012,61
BRN,2012,55
ISR,2012,60
BWA,2012,65
SVN,2012,61
POL,2012,58
SYC,2012,52
CRI,2012,54
LTU,2012,54
LVA,2012,49
VCT,2012,62
CYP,2012,66
CZE,2012,49
DMA,2012,58
ESP,2012,65
GEO,2012,52
MLT,2012,57
CPV,2012,60
RWA,2012,53
LCA,2012,71
KOR,2012,56
GRD,2012,0
NAM,2012,48
ITA,2012,42
MUS,2012,57
SVK,2012,46
HRV,2012,46
SAU,2012,44
GRE,2012,36
JOR,2012,48
ROU,2012,44
CUB,2012,48
MYS,2012,49
MNE,2012,41
STP,2012,42
HUN,2012,55
SEN,2012,36
BLR,2012,31
JAM,2012,38
OMN,2012,47
BGR,2012,41
ZAF,2012,43
VUT,2012,0
BFA,2012,38
LSO,2012,45
TUN,2012,41
CHN,2012,39
SRB,2012,39
SUR,2012,37
TTO,2012,39
GHA,2012,45
IND,2012,36
MAR,2012,37
TUR,2012,49
ARG,2012,35
BEN,2012,36
XKX,2012,34
KWT,2012,44
SLB,2012,0
SWZ,2012,37
ALB,2012,33
BIH,2012,42
GUY,2012,28
LKA,2012,40
TLS,2012,33
BRA,2012,43
COL,2012,36
IDN,2012,32
PAN,2012,38
PER,2012,38
THA,2012,37
ZMB,2012,37
BHR,2012,51
CIV,2012,29
MNG,2012,36
TZA,2012,35
ARM,2012,34
ETH,2012,33
MKD,2012,43
VNM,2012,31
PHL,2012,34
DZA,2012,34
BOL,2012,34
SLV,2012,38
MDV,2012,0
NER,2012,33
ECU,2012,32
EGY,2012,32
GAB,2012,35
PAK,2012,27
TGO,2012,30
AZE,2012,27
DJI,2012,36
KAZ,2012,28
LBR,2012,41
MWI,2012,37
MLI,2012,34
NPL,2012,27
MDA,2012,36
GMB,2012,34
IRN,2012,28
MMR,2012,15
SLE,2012,31
UKR,2012,26
DOM,2012,32
HND,2012,28
KGZ,2012,24
LAO,2012,21
MEX,2012,34
PNG,2012,25
PRY,2012,25
RUS,2012,28
BGD,2012,26
GTM,2012,33
KEN,2012,27
LBN,2012,30
MRT,2012,31
COM,2012,28
GIN,2012,24
NGA,2012,27
NIC,2012,29
UGA,2012,29
CMR,2012,26
MOZ,2012,31
MDG,2012,32
CAF,2012,26
BDI,2012,19
HTI,2012,19
UZB,2012,17
ZWE,2012,20
KHM,2012,22
COG,2012,26
COD,2012,21
TJK,2012,22
TCD,2012,19
ERI,2012,25
AGO,2012,22
TKM,2012,17
IRQ,2012,18
VEN,2012,19
PKR,2012,8
GNQ,2012,20
GNB,2012,25
LBY,2012,21
SDN,2012,13
YEM,2012,23
AFG,2012,8
SYR,2012,26
SSD,2012,0
SOM,2012,8
NZL,2013,91
DNK,2013,91
FIN,2013,89
NOR,2013,86
CHE,2013,85
SGP,2013,86
SWE,2013,89
CAN,2013,81
LUX,2013,80
NLD,2013,83
GBR,2013,76
DEU,2013,78
AUS,2013,81
HKG,2013,75
ISL,2013,78
AUT,2013,69
BEL,2013,75
USA,2013,73
IRL,2013,72
JPN,2013,74
EST,2013,68
ARE,2013,69
FRA,2013,71
URY,2013,73
BRB,2013,75
BTN,2013,63
CHL,2013,71
BHS,2013,71
PRT,2013,62
QAT,2013,68
TWN,2013,61
BRN,2013,60
ISR,2013,61
BWA,2013,64
SVN,2013,57
POL,2013,60
SYC,2013,54
CRI,2013,53
LTU,2013,57
LVA,2013,53
VCT,2013,62
CYP,2013,63
CZE,2013,48
DMA,2013,58
ESP,2013,59
GEO,2013,49
MLT,2013,56
CPV,2013,58
RWA,2013,53
LCA,2013,71
KOR,2013,55
GRD,2013,0
NAM,2013,48
ITA,2013,43
MUS,2013,52
SVK,2013,47
HRV,2013,48
SAU,2013,46
GRE,2013,40
JOR,2013,45
ROU,2013,43
CUB,2013,46
MYS,2013,50
MNE,2013,44
STP,2013,42
HUN,2013,54
SEN,2013,41
BLR,2013,29
JAM,2013,38
OMN,2013,47
BGR,2013,41
ZAF,2013,42
VUT,2013,0
BFA,2013,38
LSO,2013,49
TUN,2013,41
CHN,2013,40
SRB,2013,42
SUR,2013,36
TTO,2013,38
GHA,2013,46
IND,2013,36
MAR,2013,37
TUR,2013,50
ARG,2013,34
BEN,2013,36
XKX,2013,33
KWT,2013,43
SLB,2013,0
SWZ,2013,39
ALB,2013,31
BIH,2013,42
GUY,2013,27
LKA,2013,37
TLS,2013,30
BRA,2013,42
COL,2013,36
IDN,2013,32
PAN,2013,35
PER,2013,38
THA,2013,35
ZMB,2013,38
BHR,2013,48
CIV,2013,27
MNG,2013,38
TZA,2013,33
ARM,2013,36
ETH,2013,33
MKD,2013,44
VNM,2013,31
PHL,2013,36
DZA,2013,36
BOL,2013,34
SLV,2013,38
MDV,2013,0
NER,2013,34
ECU,2013,35
EGY,2013,32
GAB,2013,34
PAK,2013,28
TGO,2013,29
AZE,2013,28
DJI,2013,36
KAZ,2013,26
LBR,2013,38
MWI,2013,37
MLI,2013,28
NPL,2013,31
MDA,2013,35
GMB,2013,28
IRN,2013,25
MMR,2013,21
SLE,2013,30
UKR,2013,25
DOM,2013,29
HND,2013,26
KGZ,2013,24
LAO,2013,26
MEX,2013,34
PNG,2013,25
PRY,2013,24
RUS,2013,28
BGD,2013,27
GTM,2013,29
KEN,2013,27
LBN,2013,28
MRT,2013,30
COM,2013,28
GIN,2013,24
NGA,2013,25
NIC,2013,28
UGA,2013,26
CMR,2013,25
MOZ,2013,30
MDG,2013,28
CAF,2013,25
BDI,2013,21
HTI,2013,19
UZB,2013,17
ZWE,2013,21
KHM,2013,20
COG,2013,22
COD,2013,22
TJK,2013,22
TCD,2013,19
ERI,2013,20
AGO,2013,23
TKM,2013,17
IRQ,2013,16
VEN,2013,20
PKR,2013,8
GNQ,2013,19
GNB,2013,19
LBY,2013,15
SDN,2013,11
YEM,2013,18
AFG,2013,8
SYR,2013,17
SSD,2013,14
SOM,2013,8
NZL,2014,91
DNK,2014,92
FIN,2014,89
NOR,2014,86
CHE,2014,86
SGP,2014,84
SWE,2014,87
CAN,2014,81
LUX,2014,82
NLD,2014,83
GBR,2014,78
DEU,2014,79
AUS,2014,80
HKG,2014,74
ISL,2014,79
AUT,2014,72
BEL,2014,76
USA,2014,74
IRL,2014,74
JPN,2014,76
EST,2014,69
ARE,2014,70
FRA,2014,69
URY,2014,73
BRB,2014,74
BTN,2014,65
CHL,2014,73
BHS,2014,71
PRT,2014,63
QAT,2014,69
TWN,2014,61
BRN,2014,0
ISR,2014,60
BWA,2014,63
SVN,2014,58
POL,2014,61
SYC,2014,55
CRI,2014,54
LTU,2014,58
LVA,2014,55
VCT,2014,62
CYP,2014,63
CZE,2014,51
DMA,2014,58
ESP,2014,60
GEO,2014,52
MLT,2014,55
CPV,2014,57
RWA,2014,49
LCA,2014,71
KOR,2014,55
GRD,2014,0
NAM,2014,49
ITA,2014,43
MUS,2014,54
SVK,2014,50
HRV,2014,48
SAU,2014,49
GRE,2014,43
JOR,2014,49
ROU,2014,43
CUB,2014,46
MYS,2014,52
MNE,2014,42
STP,2014,42
HUN,2014,54
SEN,2014,43
BLR,2014,31
JAM,2014,38
OMN,2014,45
BGR,2014,43
ZAF,2014,44
VUT,2014,0
BFA,2014,38
LSO,2014,49
TUN,2014,40
CHN,2014,36
SRB,2014,41
SUR,2014,36
TTO,2014,38
GHA,2014,48
IND,2014,38
MAR,2014,39
TUR,2014,45
ARG,2014,34
BEN,2014,39
XKX,2014,33
KWT,2014,44
SLB,2014,0
SWZ,2014,43
ALB,2014,33
BIH,2014,39
GUY,2014,30
LKA,2014,38
TLS,2014,28
BRA,2014,43
COL,2014,37
IDN,2014,34
PAN,2014,37
PER,2014,38
THA,2014,38
ZMB,2014,38
BHR,2014,49
CIV,2014,32
MNG,2014,39
TZA,2014,31
ARM,2014,37
ETH,2014,33
MKD,2014,45
VNM,2014,31
PHL,2014,38
DZA,2014,36
BOL,2014,35
SLV,2014,39
MDV,2014,0
NER,2014,35
ECU,2014,33
EGY,2014,37
GAB,2014,37
PAK,2014,29
TGO,2014,29
AZE,2014,29
DJI,2014,34
KAZ,2014,29
LBR,2014,37
MWI,2014,33
MLI,2014,32
NPL,2014,29
MDA,2014,35
GMB,2014,29
IRN,2014,27
MMR,2014,21
SLE,2014,31
UKR,2014,26
DOM,2014,32
HND,2014,29
KGZ,2014,27
LAO,2014,25
MEX,2014,35
PNG,2014,25
PRY,2014,24
RUS,2014,27
BGD,2014,25
GTM,2014,32
KEN,2014,25
LBN,2014,27
MRT,2014,30
COM,2014,26
GIN,2014,25
NGA,2014,27
NIC,2014,28
UGA,2014,26
CMR,2014,27
MOZ,2014,31
MDG,2014,28
CAF,2014,24
BDI,2014,20
HTI,2014,19
UZB,2014,18
ZWE,2014,21
KHM,2014,21
COG,2014,23
COD,2014,22
TJK,2014,23
TCD,2014,22
ERI,2014,18
AGO,2014,19
TKM,2014,17
IRQ,2014,16
VEN,2014,19
PKR,2014,8
GNQ,2014,0
GNB,2014,19
LBY,2014,18
SDN,2014,11
YEM,2014,19
AFG,2014,12
SYR,2014,20
SSD,2014,15
SOM,2014,8
NZL,2015,91
DNK,2015,91
FIN,2015,90
NOR,2015,88
CHE,2015,86
SGP,2015,85
SWE,2015,89
CAN,2015,83
LUX,2015,85
NLD,2015,84
GBR,2015,81
DEU,2015,81
AUS,2015,79
HKG,2015,75
ISL,2015,79
AUT,2015,76
BEL,2015,77
USA,2015,76
IRL,2015,75
JPN,2015,75
EST,2015,70
ARE,2015,70
FRA,2015,70
URY,2015,74
BRB,2015,0
BTN,2015,65
CHL,2015,70
BHS,2015,0
PRT,2015,64
QAT,2015,71
TWN,2015,62
BRN,2015,0
ISR,2015,61
BWA,2015,63
SVN,2015,60
POL,2015,63
SYC,2015,55
CRI,2015,55
LTU,2015,59
LVA,2015,56
VCT,2015,0
CYP,2015,61
CZE,2015,56
DMA,2015,0
ESP,2015,58
GEO,2015,52
MLT,2015,60
CPV,2015,55
RWA,2015,54
LCA,2015,0
KOR,2015,54
GRD,2015,0
NAM,2015,53
ITA,2015,44
MUS,2015,53
SVK,2015,51
HRV,2015,51
SAU,2015,52
GRE,2015,46
JOR,2015,53
ROU,2015,46
CUB,2015,47
MYS,2015,50
MNE,2015,44
STP,2015,42
HUN,2015,51
SEN,2015,44
BLR,2015,32
JAM,2015,41
OMN,2015,45
BGR,2015,41
ZAF,2015,44
VUT,2015,0
BFA,2015,38
LSO,2015,44
TUN,2015,38
CHN,2015,37
SRB,2015,40
SUR,2015,36
TTO,2015,39
GHA,2015,47
IND,2015,38
MAR,2015,36
TUR,2015,42
ARG,2015,32
BEN,2015,37
XKX,2015,33
KWT,2015,49
SLB,2015,0
SWZ,2015,0
ALB,2015,36
BIH,2015,38
GUY,2015,29
LKA,2015,37
TLS,2015,28
BRA,2015,38
COL,2015,37
IDN,2015,36
PAN,2015,39
PER,2015,36
THA,2015,38
ZMB,2015,38
BHR,2015,51
CIV,2015,32
MNG,2015,39
TZA,2015,30
ARM,2015,35
ETH,2015,33
MKD,2015,42
VNM,2015,31
PHL,2015,35
DZA,2015,36
BOL,2015,34
SLV,2015,39
MDV,2015,0
NER,2015,34
ECU,2015,32
EGY,2015,36
GAB,2015,34
PAK,2015,30
TGO,2015,32
AZE,2015,29
DJI,2015,34
KAZ,2015,28
LBR,2015,37
MWI,2015,31
MLI,2015,35
NPL,2015,27
MDA,2015,33
GMB,2015,28
IRN,2015,27
MMR,2015,22
SLE,2015,29
UKR,2015,27
DOM,2015,33
HND,2015,31
KGZ,2015,28
LAO,2015,25
MEX,2015,31
PNG,2015,25
PRY,2015,27
RUS,2015,29
BGD,2015,25
GTM,2015,28
KEN,2015,25
LBN,2015,28
MRT,2015,31
COM,2015,26
GIN,2015,25
NGA,2015,26
NIC,2015,27
UGA,2015,25
CMR,2015,27
MOZ,2015,31
MDG,2015,28
CAF,2015,24
BDI,2015,21
HTI,2015,17
UZB,2015,19
ZWE,2015,21
KHM,2015,21
COG,2015,23
COD,2015,22
TJK,2015,26
TCD,2015,22
ERI,2015,18
AGO,2015,15
TKM,2015,18
IRQ,2015,16
VEN,2015,17
PKR,2015,8
GNQ,2015,0
GNB,2015,17
LBY,2015,16
SDN,2015,12
YEM,2015,18
AFG,2015,11
SYR,2015,18
SSD,2015,15
SOM,2015,8
NZL,2016,90
DNK,2016,90
FIN,2016,89
NOR,2016,85
CHE,2016,86
SGP,2016,84
SWE,2016,88
CAN,2016,82
LUX,2016,81
NLD,2016,83
GBR,2016,81
DEU,2016,81
AUS,2016,79
HKG,2016,77
ISL,2016,78
AUT,2016,75
BEL,2016,77
USA,2016,74
IRL,2016,73
JPN,2016,72
EST,2016,70
ARE,2016,66
FRA,2016,69
URY,2016,71
BRB,2016,61
BTN,2016,65
CHL,2016,66
BHS,2016,66
PRT,2016,62
QAT,2016,61
TWN,2016,61
BRN,2016,58
ISR,2016,64
BWA,2016,60
SVN,2016,61
POL,2016,62
SYC,2016,0
CRI,2016,58
LTU,2016,59
LVA,2016,57
VCT,2016,60
CYP,2016,55
CZE,2016,55
DMA,2016,59
ESP,2016,58
GEO,2016,57
MLT,2016,55
CPV,2016,59
RWA,2016,54
LCA,2016,60
KOR,2016,53
GRD,2016,56
NAM,2016,52
ITA,2016,47
MUS,2016,54
SVK,2016,51
HRV,2016,49
SAU,2016,46
GRE,2016,44
JOR,2016,48
ROU,2016,48
CUB,2016,47
MYS,2016,49
MNE,2016,45
STP,2016,46
HUN,2016,48
SEN,2016,45
BLR,2016,40
JAM,2016,39
OMN,2016,45
BGR,2016,41
ZAF,2016,45
VUT,2016,0
BFA,2016,42
LSO,2016,39
TUN,2016,41
CHN,2016,40
SRB,2016,42
SUR,2016,45
TTO,2016,35
GHA,2016,43
IND,2016,40
MAR,2016,37
TUR,2016,41
ARG,2016,36
BEN,2016,36
XKX,2016,36
KWT,2016,41
SLB,2016,42
SWZ,2016,0
ALB,2016,39
BIH,2016,39
GUY,2016,34
LKA,2016,36
TLS,2016,35
BRA,2016,40
COL,2016,37
IDN,2016,37
PAN,2016,38
PER,2016,35
THA,2016,35
ZMB,2016,38
BHR,2016,43
CIV,2016,34
MNG,2016,38
TZA,2016,32
ARM,2016,33
ETH,2016,34
MKD,2016,37
VNM,2016,33
PHL,2016,35
DZA,2016,34
BOL,2016,33
SLV,2016,36
MDV,2016,36
NER,2016,35
ECU,2016,31
EGY,2016,34
GAB,2016,35
PAK,2016,32
TGO,2016,32
AZE,2016,30
DJI,2016,30
KAZ,2016,29
LBR,2016,37
MWI,2016,31
MLI,2016,32
NPL,2016,29
MDA,2016,30
GMB,2016,26
IRN,2016,29
MMR,2016,28
SLE,2016,30
UKR,2016,29
DOM,2016,31
HND,2016,30
KGZ,2016,28
LAO,2016,30
MEX,2016,30
PNG,2016,28
PRY,2016,30
RUS,2016,29
BGD,2016,26
GTM,2016,28
KEN,2016,26
LBN,2016,28
MRT,2016,27
COM,2016,24
GIN,2016,27
NGA,2016,28
NIC,2016,26
UGA,2016,25
CMR,2016,26
MOZ,2016,27
MDG,2016,26
CAF,2016,20
BDI,2016,20
HTI,2016,20
UZB,2016,21
ZWE,2016,22
KHM,2016,21
COG,2016,20
COD,2016,21
TJK,2016,25
TCD,2016,20
ERI,2016,18
AGO,2016,18
TKM,2016,22
IRQ,2016,17
VEN,2016,17
PKR,2016,12
GNQ,2016,0
GNB,2016,16
LBY,2016,14
SDN,2016,14
YEM,2016,14
AFG,2016,15
SYR,2016,13
SSD,2016,11
SOM,2016,10
NZL,2017,89
DNK,2017,88
FIN,2017,85
NOR,2017,85
CHE,2017,85
SGP,2017,84
SWE,2017,84
CAN,2017,82
LUX,2017,82
NLD,2017,82
GBR,2017,82
DEU,2017,81
AUS,2017,77
HKG,2017,77
ISL,2017,77
AUT,2017,75
BEL,2017,75
USA,2017,75
IRL,2017,74
JPN,2017,73
EST,2017,71
ARE,2017,71
FRA,2017,70
URY,2017,70
BRB,2017,68
BTN,2017,67
CHL,2017,67
BHS,2017,65
PRT,2017,63
QAT,2017,63
TWN,2017,63
BRN,2017,62
ISR,2017,62
BWA,2017,61
SVN,2017,61
POL,2017,60
SYC,2017,60
CRI,2017,59
LTU,2017,59
LVA,2017,58
VCT,2017,58
CYP,2017,57
CZE,2017,57
DMA,2017,57
ESP,2017,57
GEO,2017,56
MLT,2017,56
CPV,2017,55
RWA,2017,55
LCA,2017,55
KOR,2017,54
GRD,2017,52
NAM,2017,51
ITA,2017,50
MUS,2017,50
SVK,2017,50
HRV,2017,49
SAU,2017,49
GRE,2017,48
JOR,2017,48
ROU,2017,48
CUB,2017,47
MYS,2017,47
MNE,2017,46
STP,2017,46
HUN,2017,45
SEN,2017,45
BLR,2017,44
JAM,2017,44
OMN,2017,44
BGR,2017,43
ZAF,2017,43
VUT,2017,43
BFA,2017,42
LSO,2017,42
TUN,2017,42
CHN,2017,41
SRB,2017,41
SUR,2017,41
TTO,2017,41
GHA,2017,40
IND,2017,40
MAR,2017,40
TUR,2017,40
ARG,2017,39
BEN,2017,39
XKX,2017,39
KWT,2017,39
SLB,2017,39
SWZ,2017,39
ALB,2017,38
BIH,2017,38
GUY,2017,38
LKA,2017,38
TLS,2017,38
BRA,2017,37
COL,2017,37
IDN,2017,37
PAN,2017,37
PER,2017,37
THA,2017,37
ZMB,2017,37
BHR,2017,36
CIV,2017,36
MNG,2017,36
TZA,2017,36
ARM,2017,35
ETH,2017,35
MKD,2017,35
VNM,2017,35
PHL,2017,34
DZA,2017,33
BOL,2017,33
SLV,2017,33
MDV,2017,33
NER,2017,33
ECU,2017,32
EGY,2017,32
GAB,2017,32
PAK,2017,32
TGO,2017,32
AZE,2017,31
DJI,2017,31
KAZ,2017,31
LBR,2017,31
MWI,2017,31
MLI,2017,31
NPL,2017,31
MDA,2017,31
GMB,2017,30
IRN,2017,30
MMR,2017,30
SLE,2017,30
UKR,2017,30
DOM,2017,29
HND,2017,29
KGZ,2017,29
LAO,2017,29
MEX,2017,29
PNG,2017,29
PRY,2017,29
RUS,2017,29
BGD,2017,28
GTM,2017,28
KEN,2017,28
LBN,2017,28
MRT,2017,28
COM,2017,27
GIN,2017,27
NGA,2017,27
NIC,2017,26
UGA,2017,26
CMR,2017,25
MOZ,2017,25
MDG,2017,24
CAF,2017,23
BDI,2017,22
HTI,2017,22
UZB,2017,22
ZWE,2017,22
KHM,2017,21
COG,2017,21
COD,2017,21
TJK,2017,21
TCD,2017,20
ERI,2017,20
AGO,2017,19
TKM,2017,19
IRQ,2017,18
VEN,2017,18
PKR,2017,17
GNQ,2017,17
GNB,2017,17
LBY,2017,17
SDN,2017,16
YEM,2017,16
AFG,2017,15
SYR,2017,14
SSD,2017,12
SOM,2017,9
